,id,trksub,trkid,obs80,RA,Dec,observatory_code,magnitude,band,mjd
76, 503456821 , A1102s5 , 00000HjKUY , G2449         C2023 06 30.89498219 48 47.830-40 20 14.78         18.42oV~7fuzM22 ,297.19929,-40.33744, M22 ,18.42, Ao   ,60125.894982060185
