id,RA,Dec,observatory_code,magnitude,band,mjd,mag_err,RA_err,Dec_err
10115,165.12192,-69.08893,474,22.904, G,60537.4,0.15,0.2,0.2
21374,170.81569,-80.70425,474,22.703, G,60537.4,0.15,0.2,0.2
86326,39.63001,-80.76085,474,22.236, G,60537.4,0.15,0.2,0.2