id,RA,Dec,observatory_code,magnitude,band,mjd,mag_err,RA_err,Dec_err
10115,165.03699,-69.02239,474,22.904, G,60537,0.15,0.2,0.2
21374,170.77508,-80.68888,474,22.703, G,60537,0.15,0.2,0.2
86326,39.54051,-80.7533,474,22.236, G,60537,0.15,0.2,0.2