id,RA,Dec,observatory_code,magnitude,band,mjd,mag_err,RA_err,Dec_err
10115,165.12192,-69.08893,474,16.947, G,60537.4,0.15,0.2,0.2
21374,170.81569,-80.70425,474,18.421, G,60537.4,0.15,0.2,0.2
86326,39.63001,-80.76085,474,19.242, G,60537.4,0.15,0.2,0.2
