id,RA,Dec,observatory_code,magnitude,band,mjd,mag_err,RA_err,Dec_err
10115,165.20705,-69.15503,474,22.904, G,60537.8,0.15,0.2,0.2
21374,170.85592,-80.71941,474,22.703, G,60537.8,0.15,0.2,0.2
86326,39.72046,-80.76842,474,22.236, G,60537.8,0.15,0.2,0.2